VehicleType,Capacity,Range
Gas Car,1,145.85207096486445
drone,1,10.72575544135963
